headline,date
BTC Price Index and Live Chart -- CoinDesk 20,2021-05-26
"CoinDesk: Bitcoin, Ethereum, Crypto News and Price Data",2021-05-26
Bitcoin Outflow From Exchanges Suggests Confidence Crypto Rout Is Over,2021-05-26
BTC Price Index and Live Chart -- CoinDesk 20,2021-05-26
Hedge Fund Billionaire Ray Dalio: 'I Have Some Bitcoin',2021-05-24
Bitcoin 101,2021-05-26
Convert Bitcoin into any World Currency,2021-01-05
BCH Price Index and Live Chart -- CoinDesk 20,2021-05-26
CoinDesk,2021-05-26
Bitcoin Plummets to Below $40K,2021-05-19
DOGE Price Index and Live Chart - CoinDesk,2021-05-26
CoinDesk,2021-05-26
"Market Wrap: Bitcoin, Ether Climb on 'Green' Mining Plans Before Losing Steam",2021-05-26
CoinDesk 20 Digital Assets and Cryptocurrencies,2021-04-27
Chapters Archive,2021-05-26
WBTC Price Index and Live Chart - CoinDesk,2021-04-12
"Huobi Scales Back Due to China Crackdown; Bitcoin Falls Below $32K, Ether Past $2K",2021-05-23
ETH Price Index and Live Chart -- CoinDesk 20,2021-05-26
Bitcoin Price,2021-05-26
XRP Price Index and Chart -- CoinDesk 20,2021-05-26
ADA Price Index and Live Chart - CoinDesk 20,2021-05-26
Bitcoin Mining Council: A Trojan Horse for Centralization?,2021-05-25
XLM Live Price Index and Chart -- CoinDesk 20,2021-05-14
LTC Price Index and Live Chart -- CoinDesk 20,2021-05-14
Watch on CoinDesk TV Live -CoinDesk,2021-02-08
BSV Price Index and Live Chart,2021-05-14
Coindesk,2021-05-26
Podcasts: Bitcoin and Crypto News Roundups,2021-05-26
Bitcoin for Advisors,2020-12-31
"Omkar Godbole, author at Coindesk",2021-05-26
BTG Price Index and Live Chart,2021-05-26
BTC Price Index and Live Chart -- CoinDesk 20,2021-05-26
Bitcoin at 10,2019-02-11
Bitcoin Venture Capital Funding,2018-11-14
Bitcoin Price Index,2021-05-26
Bitcoin Volatility,2021-05-26
A Reading of Satoshi's Bitcoin White Paper,2021-01-25
Over $20K? Why Is Bitcoin Worth Anything at All?,2020-12-16
What We're Getting Wrong About Druckenmiller and Bitcoin,2020-11-15
How Investors Can Gain Crypto Exposure Through Stocks,2021-05-25
"Bridgewater's Ray Dalio Softens Stance on Bitcoin, Says It Has Place in Investors' Portfolios",2020-12-09
"Market Wrap: Ethereum Classic Steals Show From Bitcoin, Ether, Even DOGE",2021-05-05
"Dalio, Brainard, Lummis: Your Guide to Day 1 at Consensus 2021",2021-05-24
China Mining Restrictions Good for Bitcoin: Bobby Lee,2021-05-25
"Bitcoin Back to $42K, Nearly Recovers Wednesday's Losses",2021-05-20
Bridgewater's Dalio Sees Governments Banning Bitcoin Should It Become 'Material',2020-11-11
Bitcoin in Cuba: A Local YouTube Influencer Explains How It Works,2020-08-21
Shark Tank's O'Leary Doubles Down on 'Green Bitcoin',2021-05-24
Hedge Fund Billionaire Ray Dalio Has Officially Bought Bitcoin,2021-05-24
"MicroStrategy's Saylor Details Meeting Where Bitcoin Mining Council Formed With Musk, Miners",2021-05-26
Bitcoin Price: Still Room to Fall?,2021-05-26
"Bitcoin News Roundup for May 27, 2021",2021-05-26
Bitcoin Jumps After Michael Saylor and Elon Musk Say They're Spearheading a 'Green Mining' Initiative,2021-05-26
"Bitcoin News Roundup for May 24, 2021",2021-05-24
Lummis' Financial Innovation Caucus to Launch Tuesday,2021-05-24
Bitcoin Consolidates; Faces Resistance Near $42K,2021-05-26
Bitcoin Mining Council,2021-05-26
Chinese Bitcoin Mining Company Invests $25M in New Facility in Texas,2021-05-20
JPMorgan to Let Clients Invest in Bitcoin Fund for First Time: Sources,2021-04-26
Elon Musk's Tesla Sold Bitcoin in Q1 for Proceeds of $272M,2021-04-26
Ripple Waiting for SEC Suit Resolution Before Going Public,2021-05-26
Ethereum Scaler Arbitrum Is Launching Friday With Developer Support From Alchemy,2021-05-26
Bitcoin Breaks Below $42K; Next Support at $34K as Intermediate Trend Turns Bearish,2021-05-19
How Does Bitcoin Work? Here's a Simple Explanation,2014-01-09
Por que el precio de bitcoin no caeria por debajo de $48.000,2021-03-10
XBX: CoinDesk's Bitcoin Price Index,2021-05-03
"Bitcoin, Ether Now Down 50% From Last Month's ATH as Rout Resumes",2021-05-23
"DeFi 'Raises Challenges' for Investors, SEC's Gensler Says",2021-05-26
Bitcoin Options Market Faces Smallest Expiry of Year,2021-05-26
Michael Saylor: Mining Council Will 'Defend' Bitcoin Against 'Uninformed' and 'Hostile' Energy Critics,2021-05-25
Fairlead's Stockton Plans to Add Bitcoin Exposure Only After Key Indicator Turns Higher,2021-05-26
Bitcoin Spikes to New Record High Over $61K,2021-03-13
"SEC Starts Official Review of SkyBridge, Fidelity Bitcoin ETF Applications",2021-05-26
"Number of Bitcoin Holders Shoots to Record High, Data Shows",2021-05-25
Fidelity Bitcoin Fund Attracts $102M in First 9 Months,2021-05-26
"Market Wrap: DeFi Token Yearn.Finance Pops 76% as Bitcoin, Ether Make Double-Digit Gains",2021-05-24
Why China's Crackdown May Make Bitcoin Mining More Centralized,2021-05-26
"Consensus Day 3, Recapped: Digital Money Battles",2021-05-26
"Bitcoin Rises, Faces Resistance Near $40K-$45K",2021-05-26
bitcoin.com,2020-06-02
Sichuan Energy Regulator to Meet to Discuss Bitcoin Mining: Report,2021-05-26
"Bitcoin Blasts Past $34K for First Time, Hours After Blowing Through $30K",2021-01-02
"Bitcoin, Ether Bounce After Disastrous Week for Crypto Market",2021-05-24
"Market Wrap: Ether Trading Volume Up, Closing In on Bitcoin; Crypto Market Struggles",2021-05-25
"DBS Says Bitcoin Affects Stock Markets, Is 'No Longer Fringe Asset'",2021-05-26
Bitcoin Rises Above $40K as Mining Council Plans to Address Environment Concerns,2021-05-26
Consensus 2021: 7 Questions for Bitcoin Anarchist Eric Voskuil,2021-05-26
Sacramento Kings to Offer Bitcoin Salary Option to All Players,2021-04-06
Bitcoin Struggles at Resistance; Support at $35K,2021-05-25
Bitcoin se recupera de su caida y alcanza los $50K,2021-02-16
"From $900 to $20,000: The Historic Price of Bitcoin in 2017",2017-12-29
Institutional Bitcoin Buying Spiked Around Wednesday's Crash,2021-05-21
David Z. Morris: Learning to Love the Bitcoin Mining Council,2021-05-25
Sour Sentiment on Wall Street Accelerated Bitcoin's Plunge,2021-05-19
Bitcoin Holds Short-Term Support; Faces Resistance at $40K,2021-05-24
SEC Starts Decision Clock on VanEck's Bitcoin ETF Application,2021-03-18
MicroStrategy apuesta otra vez por bitcoin y compra $1000 millones,2021-02-24
Bitcoin Stabilizes at Support; Faces Resistance at $45K,2021-05-21
Institutional Crypto Exchange LMAX Digital Hit Record $6.6B Volume on Bitcoin's 'Black Wednesday',2021-05-24
"Bitcoin Mining Council 'Isn't the Start of OPEC,' Member Says",2021-05-25
MicroStrategy CFO Says Tech Companies Have an 'Imperative' to Hold BTC,2021-05-24
Bitcoin Rises to Near $40K After Musk Tweets About BTC Mining's 'Promising' Renewable Usage,2021-05-24
What is a Bitcoin User? The Answer Isn't So Simple,2021-05-26
Why Selling a Tesla for Bitcoin Makes Even Less Sense Now,2021-05-24
Sam Bankman-Fried Says Bitcoin Mining Council Opens an 'Interesting Can of Worms',2021-05-25
Why Tesla's Reversal Is Good for Bitcoin,2021-05-16
"Bitcoin at Risk of Correction to $42K, Technical Analyst Says",2021-05-12
Bitcoin Sell-Off Could Stabilize Around $42K Support,2021-05-13
Bitcoin 101,2021-05-26
Asset Manager One River Files for Carbon-Neutral Bitcoin ETF in US,2021-05-24
"Bitcoin Suffers Biggest Pullback of 2021, to 3.5-Month Low",2021-05-17
David Z. Morris: Of Course China Is Anti-Bitcoin,2021-05-24
"Bitcoin, Ether Dive While Some Alternative Cryptocurrencies Hit Record Highs",2021-05-15
Bitcoin Plunges as Tesla Halts BTC Payments Over Environmental Concerns,2021-05-13
Bitcoin podria verse afectado por la recuperacion del empleo en Estados Unidos,2021-03-05
Bitcoin Plunge Below $40K Triggers $2B in Liquidations,2021-05-19
"Bitcoin Holds Support, Faces Resistance at $58K-$60K",2021-05-07
The Pattern in Bitcoin Volatility,2021-04-25
Why Bitcoin's Taproot Upgrade Matters,2021-05-09
Bitcoin Price Drops as Turkey Bans Crypto Payments Amid Currency Crisis,2021-04-16
Canadian Bitcoin ETF Provider Went on High Alert as Crypto Crash Halted Futures Trading,2021-05-21
Bitcoin's Potential as a Collateral Class,2021-05-02
Bitcoin Transactions Are More Expensive Than Ever,2021-04-21
MoneyGram to Allow Bitcoin Buying and Selling Across Retail Network,2021-05-12
Michael Casey: Iran's Bitcoin Bet and the Money Wars to Come,2021-04-30
Market Wrap: Bitcoin Hits $57K After $4.2B Options Expirations; Ether Steadies at $2.7K,2021-04-30
Crypto Exchanges See Most Bitcoin Inflows Since March 2020,2021-05-18
"Ark Investment's Cathie Wood Says Bitcoin Will Go to $500,000",2021-05-19
India's Millennials Embrace Bitcoin Despite Proposed Ban,2021-03-29
"As Bitcoin Newbies Panic, Old Pros Appear to Buy the Dip",2021-05-17
Marathon Miners Have Started Censoring Bitcoin Transactions; Here's What That Means,2021-05-07
"Nic Carter: The Frustrating, Maddening Bitcoin Energy Debate",2021-03-05
Elon Musk Says Tesla Is Suspending Bitcoin Payments Over Environmental Concerns,2021-05-12
Bloomberg Foresees Bitcoin Rallying to $400K This Year,2021-04-07
"As Bitcoin Gyrates, Options Traders Bet on Calm-Down",2021-05-24
Market Wrap: Elon Taketh Away - Bitcoin Continues Fall as Options Traders Pile Into Puts,2021-05-17
Bitcoin Struggles Near Resistance; Could Find Support at $55K,2021-05-12
"Greenpeace Stops Accepting Bitcoin Donations, Cites High Energy Use",2021-05-21
Bitcoin Stabilizes at Support; Faces Resistance Around $50K,2021-05-18
Bitcoin Falls as Chinese Official Calls for Mining Crackdown,2021-05-21
Market Wrap: Bitcoin Stays Near $55K as Ether Hits Brand-New Record Price,2021-04-28
"Bitcoin Price Falls $8K to 3-Week Low, Altcoins Crash",2021-04-18
Bitcoin Stalls at Resistance; Could Face Lower Support at $56K,2021-05-10
BlockFi Botches Promo With Outsized Bitcoin Reward Payments,2021-05-19
Bitcoin Outflows From Exchanges Aren't the Bullish Signal You Think,2021-04-04
Market Wrap: Bitcoin Over $55K as Ether Hits New All-Time High,2021-04-27
"Market Wrap: Capitulation City as Bitcoin Dumps to $31K, ETH to $2K Before Reversal",2021-05-19
Market Wrap: Bitcoin Steadies After $300B Market Cap Dump on Taxation Trepidation,2021-04-23
E-Commerce Giant MercadoLibre Discloses $7.8M Bitcoin Buy,2021-05-05
Want to Buy a Tesla With Bitcoin? It Ain't Easy,2021-03-25
'Extreme Fear' in Bitcoin Market Amid Price Plunge,2021-05-18
"Bitcoin Snaps 5-Day Losing Streak, Climbs Above $52K",2021-04-26
The Bitcoin Fog Indictment Shows the Permanence of User Data,2021-05-04
Bitcoin Crash vs. Correction: Do You Know the Difference?,2021-04-30
Bitcoin Stabilizes After Sell-Off; Faces Resistance Near $53K,2021-05-14
"Despite Price Drop, Bitcoin's 'Fundamental Narrative Has Not Changed,' Stack Funds Says",2021-04-22
Bitcoin Miner Argo Blockchain Purchases Hydro-Powered Data Centers in Canada,2021-05-13
Bitcoin Trades at $40K as Rebound Rally Stalls,2021-05-20
"MicroStrategy: Another Dip, Another $10M Bitcoin Purchase",2021-05-18
Bitcoin Breaks Below $50K as Market Sell-Off Continues,2021-04-23
Bitcoin Stabilizes After Pullback; Faces Resistance at $57K,2021-05-11
"Market Wrap: Bitcoin Price, Dominance Slips; Ether Hits Fresh Record High Over $2.6K",2021-04-22
The Myths and Realities of 'Green Bitcoin',2021-04-01
"Bitcoin Adoption Keeps Growing During Alt Season, Blockchain Data Shows",2021-05-12
"Market Wrap: China Breaks Crypto as Bitcoin Falls to $36K, ETH Drops $300 in Two Hours",2021-05-21
"Bitcoin Holds Support, Faces Resistance at $60K",2021-05-03
"Bitcoin Drops After Musk Suggests Tesla May Sell Holdings, Says It Hasn't Yet",2021-05-16
When Will Bitcoin's Taproot Upgrade Actually 'Lock In'?,2021-05-19
What Is Bitcoin Halving? Here's Everything You Need to Know - CoinDesk,2020-03-24
"Bitcoin Price Decline Deepens, Heads for Worst Week Since February",2021-04-22
Goldman Sachs Offering Bitcoin Derivatives to Investors,2021-05-06
Asian Video Game Publisher Nexon Buys $100M in Bitcoin,2021-04-28
"Market Wrap: Bitcoin Near $53K After Major Drop as Ether Tops $2,800 for First Time",2021-04-29
"With Bitcoin 'Bear Markets' Like These, Who Needs the Bulls?",2021-04-30
ETF Provider Teucrium Trading Files for a Bitcoin Futures ETP,2021-05-20
Bitcoin Options Market Eyes $4.2B in Expiries on Friday,2021-04-27
Bitcoin Taproot Upgrade Has Started Its Speedy Trial,2021-05-01
Bitcoin Holds Support; Faces Resistance at $50K,2021-05-17
"Bitcoin Price Plunge 'Feels Like Capitulation,' Says Novogratz",2021-05-19
Cryptocurrency Options Market Makers Influence Bitcoin Price,2021-05-14
"Market Wrap: Bitcoin Stuck Below $50K, and Blockchain Data May Show Why",2021-03-05
What Is the 'Kimchi Premium' for Bitcoin?,2021-04-06
Bitcoin Mining Difficulty Sees Largest Downward Adjustment of the Year,2021-05-01
Frances Coppola: Why Bitcoin Should Be Priced in Sats,2021-05-12
$623M in Bitcoin From 2016 Bitfinex Hack,2021-04-14
Nik Bhatia: Why $1 Million Bitcoin Is Coming,2021-03-01
JP Koning: You're a Lemon if You Buy a Tesla With Bitcoin,2021-03-29
Bitcoin Pullback Risk Rises as Whales Resume Selling,2021-05-11
Why It's Time to Pay Attention to Mexico's Booming Crypto Market,2020-08-13
Book Excerpt: Bobby Lee's Bitcoin Awakening,2021-05-18
How Accidents in Chinese Coal Mines Are Affecting Bitcoin Mining,2021-04-16
Microsoft Launches ION Decentralized Identity Network On Bitcoin,2021-03-25
Bitcoin Is Not a Stock,2021-03-17
MicroStrategy Buys $15M More of Bitcoin,2021-04-05
Nic Carter: The Virgin Bitcoin Fallacy,2021-05-11
Does Bitcoin Have an Energy Problem?,2021-04-22
"Ether, Hitting New Records, Now Gets Quoted in Bitcoin Terms",2021-04-29
"MicroStrategy Keeps Buying Bitcoin, Adds Another $15M",2021-05-13
Tesla Retreat Won't Stop Bitcoin: Bloomberg's McGlone,2021-05-13
Bitcoin Wallet Used by DarkSide for Ransom Payments ID'd by Elliptic,2021-05-14
OCC Warns of Fraudulent Emails Seeking Bitcoin Wallet Keys,2021-05-20
"Bitcoin Declines, on Track for Worst Month Since September",2021-04-29
"SEC Staff Hints at ETF Skepticism, Calls Bitcoin 'Volatile'",2021-05-11
Bitcoin Drops as Low as $53.5K in Quick Sell-Off,2021-05-10
How Backwardation Differs in Bitcoin and Oil Futures,2021-05-18
Ray Dalio Says He Has 'Some Bitcoin',2021-05-26
Bitcoin Chart Indicator Suggests Worst of Pullback May Be Over,2021-05-18
"Everything We Want Costs Energy, Including Bitcoin",2021-04-22
CME Climbs to 2nd Place in Bitcoin Futures Exchanges,2021-05-21
Revolut's UK Users Can Finally Withdraw Their Bitcoin to Personal Wallets,2021-05-05
Bitcoin Makes Weak Bounce After Tesla Blow but Pullback May Not Be Over: Analyst,2021-05-13
AXA Switzerland Allows Customers to Pay in Bitcoin,2021-04-15
Bitcoin Is Worth $1T and OKCoin Delists BCH and BSV,2021-02-19
"Bitcoin's Drop on Biden's Proposed Tax Hike Just Temporary, BCB CEO Says",2021-04-23
"DeFi More Disruptive to Banks Than Bitcoin, Says ING",2021-05-06
"Ray Dalio, Wall Street's 'Oddest Duck,' Shares the Bitcoin Mind",2021-05-21
Blockstream Buys Demeester's Adamant in Expansion Into Bitcoin Investment Products,2021-05-22
Bitcoin Options Traders Leaning Bearish Despite Price Recovery,2021-05-06
How to Buy Bitcoin at an 80% Premium From Michael Saylor,2021-03-03
"Peter Thiel's Palantir Now Accepts Bitcoin Payments, 'Thinking' About Treasury Investment",2021-05-11
This Indicator Suggests Bitcoin Is Overdue for a Big Price Move,2021-04-08
Market Wrap: Bitcoin Bounces to $54K as Ether Fees Drop Below Average in Past Week,2021-04-26
"Bitcoin Remains Under Pressure, Faces Resistance At $45K",2021-05-20
Bitcoin's 'Rich List' Shrinks Amid Continued Price Rally,2021-03-18
Bitcoin and Inflation: Everything You Need to Know,2021-01-28
Market Wrap: Bitcoin Near $59K as Worries on Bond Yields Increase,2021-03-19
Staff at Biggest Dutch Domino's Pizza Franchise Can Now Be Paid in Bitcoin,2021-05-22
UK Court Will Let Craig Wright Serve Claims Against 16 Bitcoin Developers,2021-05-12
Is Dogecoin the Next Bitcoin? Probably Not (But That's OK),2021-04-16
"Bitcoin Price Jumps 9%, Most Since Early March",2021-04-26
MassMutual Buys $100M in Bitcoin and $5M NYDIG Stake,2020-12-10
"Morgan Stanley Bitcoin Fund Draws $29.4M in 2 Weeks, Filings Show",2021-04-22
"Bitcoin, Ether Hit New All-Time Highs on Eve of Coinbase Listing",2021-04-13
Nic Carter: The Last Word on Bitcoin's Energy Consumption,2020-05-19
Bitcoin's Mining Difficulty Hits New High; Taproot Begins Second Attempt,2021-05-13
Tether Premium to US Dollar Returns in Bitcoin's Latest Sell-Off,2021-04-20
Bitcoin Is 'Too Important to Ignore': Deutsche Bank Report,2021-03-18
ECB's Panetta Claims Bitcoin Threatens Global Sustainability Efforts,2021-05-11
MicroStrategy Says Some of Its Board Directors to Be Paid in Bitcoin,2021-04-12
"CCN offers Breaking Crypto News, Prices & Charts!",2018-03-29
Bitcoin is All Grown Up and the Future is Bright,2020-09-28
Bitcoin Price Approaches $60K: What to Keep an Eye Out For,2021-05-05
Bitcoin Uptick Leads to Growth in Daily Transactions,2021-04-13
"Bitcoin Price Hits Two-Week Low, Garnering Interest from Small Investors",2020-05-25
How the Miners are Faring So Far,2020-07-06
What Is The price Of Bitcoin? Bitcoin Price And Analysis!,2021-05-01
Experts Explain the Benefits of Bitcoin,2018-09-06
Cryptocurrency Price Round-up: Dogecoin Soars while Bitcoin Rebounds,2021-04-19
What is Bitcoin? How Does It work? Learn It All Right Here!,2021-01-01
Darknet Bitcoin Mixer BestMixer Secures Website with TOR,2019-02-25
Bitcoin Soars Above $9K Mark with Strong Momentum,2020-04-30
Bitcoin (BTC) Soars 10% on Strong Momentum,2020-03-24
Bitcoin News Archives,2021-05-01
"Ankit Singhania, Author at Crypto Currency News",2021-05-01
Why Experts Recommend Investing In Bitcoin,2018-08-21
Crypto Currency News,2018-06-25
"Bitcoin gold, silver and copper coins and defocused printed circ",2018-09-25
Bitcoin Price Manipulation,2018-05-24
Why Goldman Sachs is Wrong About Bitcoin,2020-06-02
Bitcoin Cash Archives,2021-05-01
Hacker who sold users data for 2.6M$ in Bitcoin-1,2018-05-28
How to Prevent Bitcoin Fraud by Securing Your Identity,2020-06-19
Computer keyboard with bitcoin buttons buy sell graphite,2019-05-15
Coronavirus Outbreak: How Bitcoin is Faring So Far,2020-03-24
Is Bitcoin (BTC) a Buy After the Recent Market Sell-Off?,2020-03-19
Bitcoin - bit coin BTC cryptocurrency money burning in flames and fire sparkles,2018-03-06
Bitcoin Slumps as Crude Oil Crashes,2020-04-21
3 Altcoins That Have Potential To Be The Next Ethereum Or Bitcoin 3,2017-07-03
Crypto Currency News,2017-11-30
"Bitcoin Fan Holds Up Sign During Yellen's Testimony, Receives Donations of $100,000 For Effort",2017-10-31
Bakkt is All Set to Introduce Bitcoin Futures in September,2019-09-09
Crypto Currency News,2018-02-26
Are We Standing At the Top of a Bitcoin Bubble?,2018-01-13
BTC Price Offers a Buying Opportunity,2018-06-01
"Today's Market Leaders and Deceivers - BTC, BCH, ETH",2019-03-14
Bitcoin-Gold-price-chart-05-24-18,2018-05-24
"Crypto Market Top Ten Green - BTC, BNB, XLM",2019-04-01
How to Protect Your Bitcoin Wallet,2020-07-13
Bitcoin Will Be Worth 30k By End Of Year,2018-03-26
Check Out These Places That Accept Bitcoin!,2018-04-30
"Says Bitcoin Bears are Analyzing Bitcoin Incorrenctly, How so?",2018-06-05
Places Bullish Bet On Bitcoin Price But Success Is Doubtful,2018-03-13
Hand with mobile smart phone and bitcoin symbol,2017-11-29
Bakkt to Launch Institutional Bitcoin Custody Services,2019-11-12
How high does Bitcoin's prices have to reach before the typical Bitcoin investor sells it,2017-11-17
U.S. Regulators Step In and Launch Criminal Probe,2018-05-24
Bitcoin Richard Branson (Copy),2017-11-07
Will the Oversupply of Bitcoin Burst the Bubble One Analyst Says Yes,2017-11-28
Bitcoin (BTC) and Ethereum (ETH) Plummet Due to Coinrail Hack 'FUD',2018-06-11
Golden Bitcoin coin on the laptop keyboard. stock market graph. Trading concept,2017-11-07
Bitcoin Cash Will Be Available on HTC's Blockchain Phone,2019-09-17
Bitcoin Cash Hard Fork Approaches,2018-11-13
Bitcoin Rally Up 13% For The Day,2018-01-08
Numbers turning into golden bitcoin sign. Blockchain concept. 3D illustration,2017-12-05
"Bitcoin is Akin to Gambling, Causing Egypt to Ban It",2018-01-04
Ethereum (ETH) Falls 86% Relative to Bitcoin Since the 2017 Build-Up,2019-07-26
KFC Canada Now Accepting Bitcoin As Payment,2018-01-12
Bitcoin Miners Diversifying from China to the US over Regulatory Concerns,2019-06-07
Wall Street Says HODL and Abra CEO Says BOOM,2018-03-28
Did You Know Rapper 50 Cent Made Millions Off Bitcoin-1,2018-01-24
The Downside Potential Is Greater Than the Upside Trend,2018-03-06
BCH/USD Heads For Upside Break,2018-06-08
Stack of Bitcoin coins on Indian flag. Situation of Bitcoin and,2018-01-19
Bitcoin Reaches its One-Month High,2018-04-23
Golden bitcoin with dollar background. conceptual image for crypto currency.,2018-01-16
Bitcoin (BTC) Drops Below $5K Despite US Fed Slashing Interest Rates,2020-03-17
Word blockchain made of Bitcoin signs. 3D illustration,2017-11-01
Sir Jon Cunliffe Bitcoin is No Threat to the Worldwide Economy,2017-12-01
Bitcoin rocket and graphs,2018-08-18
South Africa Now Allows Traffic Fines to be Paid by Bitcoin,2017-12-06
"Bitcoin ""Exists Because of the Abuses""",2018-07-09
Crypto Currency News,2018-04-12
Bitwise Withdraws Bitcoin ETF Application with SEC,2020-01-15
Crashed In The First Quarter So What's Next?,2018-04-02
"Maria Ohle, Author at Crypto Currency News",2021-01-01
"Is Bitcoin Safe? Tim Draper, Renowned Investor: It's Safer Than Fiat",2018-05-14
bitcoin coin with money,2017-12-06
Bitcoin ABC Listed as Real Bitcoin Cash by OKEx,2018-12-12
"Bitcoin Price Watch - BTC/USD Surpasses $11,500, Upside Confirmed",2018-03-05
Study Finds One-In-Four Millennials Ditching Stocks For Bitcoin-1.,2017-11-09
Why It Isn't Living Up To Expectations,2018-02-06
Brian Kelly Tells CNBC Watch for Rising Price,2019-05-22
3d bitcoin Russia flag,2017-12-08
Bitcoin Just Made The US Olympic Winklevoss Twins Billionaires,2017-12-04
"Stops Naming BCH as ""Bitcoin"", Possible Lawsuit Beckons",2018-05-01
CME Bitcoin Options Eclipses Bakkt With a Strong Start,2020-01-14
Bakkt Bitcoin Options Trading Volume for Last Week was Just Zero,2020-01-30
Could Bitcoin Really See a 70% Uptrend?,2018-05-09
Bitcoin Bull Dan Morehead Predicts BTC to Hit $42K By End of 2019,2019-07-25
"Unlocking Cryptocurrencies: Growth, Opportunities and Limitations",2021-04-22
BTC's Sudden Spike Leaves All Puzzled,2019-04-05
"Bitcoin Cash Price Watch - BCH/USD Breaks Below Support, Drops To $1,110",2018-06-06
Bitcoin Mining in Norway and the State of the Crypto Market,2018-11-22
"Bitcoin Cash Price Watch - BCH/USD Holds Steady Around $1,100",2018-06-04
Sells $140m worth of Bitcoin - BTC Price Doesn't Drop,2018-05-01
"Bitcoin Cash (BCH) Gains Momentum, Soars 16% on High Volume",2020-02-06
Bitcoin Cash (BCH) Climbs Higher After Halving Event,2020-04-09
Bitcoin Mining Operations Cause Blackouts,2017-12-11
Crypto Currency News,2018-02-06
Which Online Stores Accept CryptoCurrency?,2018-07-05
Golden bitcoin coin on us dollars.,2017-12-13
Will BTC Rally Through $6300?,2018-06-28
Bitcoin Suddenly Crashes 8% as Momentum Fades After the Recent Rally,2020-02-20
Libra Exec Boasts Project's Benefits Over Bitcoin at CES 2020,2020-01-08
Bitcoin Price Chart 06-08-2018,2018-06-08
Bitcoin Price Ended Last Week in The Red,2018-03-12
Bitcoin Halving is Coming Soon,2020-04-16
Bitcoin Included on AML Regulations,2018-04-05
Bitcoin (BTC) Classified as an Asset by Morgan Stanley,2018-11-01
"Chainlink (LINK) Leads, Bitcoin Stands in 6th Position",2019-08-22
Shipping Giant to Create Locker Banks,2018-02-02
"Golden bitcoin coin hard fork in fire flame, lightning and water splashes.",2018-01-31
bitcoin feature (Copy)-min,2018-02-28
Mining Will Cost 0.5% of World's Energy,2018-05-18
UK Regulators Acceptance Could Lead to a Long Bull Run,2018-04-24
Only 10 Cents for $194 Million on the Bitcoin Network,2018-10-17
Bitcoin Futures CME Trading Generates $100 Billion in Volume Since 2017,2020-01-31
Price Jumps Above $8K Mark Again,2019-05-15
Bitcoin mining USB devices on a large USB hub.,2017-11-01
Bitcoin Price Will Take Decades to Stabilize,2018-05-30
"Bitcoin (BTC) Soars to 4-Month High, Crosses $10K Mark",2020-02-10
"6,000 Bitcoin Stolen but BTC Price Remains Steady",2018-09-20
Bitcoin or Gold Why Investors Should Consider Both in the Current Market,2018-01-20
"Bitcoin Is Not A Bubble, Here's Why",2017-11-11
Wall Street Ready For Bitcoin Futures Introduction-1.,2017-11-14
bitcoin chart 06 20 2018,2018-06-20
Russia to Avoid US Sanctions with $10 Billion Bitcoin Investment,2019-01-14
Does Bitcoin Breakout Signal More Rallies to Come Later this Year?,2019-07-09
Bitcoin Cash Hard Fork | Segwit Recovery & Schnorr Signatures,2019-05-15
"Bitcoin Price to Hit $7,200 After Demonstrating Bullish Signs?",2019-05-09
"Bitcoin Fell below $10,000 Mark - Here's Why?",2018-01-17
Blockchain Is the Real Answer,2018-06-25
CME Group to Launch Bitcoin Options in Early 2020,2019-09-23
BTC Surges Amid Economic Uncertainty,2019-08-06
CBOE Bitcoin (BTC) Futures Reach Record-Low Volatility,2018-11-06
Bitcoin-price-chart-05-22-18,2018-05-22
Bitcoin Soars 50% So Far in 2020,2020-02-14
"FCoin Closes Down, Reveals $130 Million Bitcoin Shortfall",2020-02-18
"Martin Banks, Author at Crypto Currency News",2021-05-01
Bitcoin (BTC) Soars Above $8K Mark on Geopolitical Concerns,2020-01-08
How the Bitcoin Halving Could Affect BTC Price in the Near-Term,2020-03-09
Coronavirus Outbreak Tests Bitcoin Safe Haven Status,2020-02-28
Bitcoin Hits $9K on Strong Momentum,2020-01-28
Bitcoin Tanks to $6K Mark on Economic Damage from the Coronavirus,2020-03-12
Bitcoin Jumps to 2-Month High on CME Futures and Options Boost,2020-01-15
Bitcoin Set For Breakout Amid Escalating Iran Tensions,2020-01-06
Bitcoin's 2017 Boom Largely Fueled by a Single Trader,2019-11-04
CME Sees Second-Best Month for Bitcoin Futures Trading,2020-02-13
Here are Key Factors to Watch in Q1,2020-01-02
Bitcoin Corrects 45% from Highs,2019-11-28
Bitcoin Recovers as Coronavirus Pandemic Continues to Hurt Markets,2020-03-03
Bitcoin SV Soars on Rumors: Will the Real Nakamoto Please Stand Up?,2020-01-14
Bitcoin (BTC) Suddenly Tumbles Below $7K Mark,2019-12-17
Bitcoin Price Gains as China Scraps Crypto Mining Ban,2019-11-06
Bitcoin SV (BSV) Jumps Another 28%,2020-01-10
Bitcoin Adjusted Dominance Soars,2019-08-23
Bitcoin in Bull Territory? Some Analysts aren't Sure,2019-10-29
Bitcoin.com Listing Despite Community Hesitations,2019-12-16
"Bitcoin Continues to Face Hurdles at Higher Level, Altcoins Follow",2019-08-20
Safeway Partners with Lolli to Give BTC to Customers,2019-07-26
Is the Bottom Finally in Sight?,2019-11-19
"Bitcoin Extends the Fall, Now at One-Month Low Below $8K",2019-11-21
Bakkt to Launch Cash-Settled Bitcoin Futures on December 9,2019-11-22
Bitcoin Mining Equipment Demand is Exceeding Supply,2019-06-25
Bitcoin (BTC) to Gain More Strength Above $12k Mark,2019-07-04
The Ultimate Guide to Getting Payments with Bitcoin,2019-09-04
Litecoin and Bitcoin Slump Despite Bakkt's Anticipated Debut,2019-09-24
Hacker who sold users data for 2.6M$ in Bitcoin-2,2018-05-28
Bitcoin Transaction Worth $1 Billion USD Moved to Single Wallet,2019-09-06
Bitcoin Drops 30% in Two Weeks,2019-09-27
"Bitcoin fan who held up sign during Yellen's testimony receives $10,000 for his effort",2017-07-13
Bitcoin Hash Rate Hits 80 Quintillion for the First Time,2019-08-08
Bitcoin.com to Launch a Bitcoin Cash Supported Futures Contract,2019-09-16
Bitcoin Struggles to Hold the Rally,2019-07-30
Bitcoin Sinks to Five-Month Low Following Zuckerberg Testimony,2019-10-23
Altcoins Attempt to Build Gains After a Big Jump in Bitcoin,2019-10-30
Bitcoin Falls 30% from Highs,2019-08-01
Bakkt is All Set to Launch Options on Bitcoin Futures in December,2019-10-25
"Slim Chance of Bitcoin (BTC) Hitting $20,000 USD By End of Year",2019-08-27
Bitcoin Falls Below $10K Again,2019-07-23
Is Bitcoin (BTC) a Recession Proof Like Gold? Here's What Experts Think,2019-08-15
Computer keyboard with bitcoin buttons buy sell graphite,2019-05-24
Bitcoin (BTC) Recovers As Momentum Returns on Strong Technical,2019-07-03
"Bitcoin Tanks From Highs, But Still Up Significantly YTD",2019-10-02
Tom Less Says Bitcoin Bears are Wrong-2,2018-06-05
Bitcoin Price to Reach $55K? Joe Kernen Suggests So!,2019-07-29
Bitcoin Price Soars 7% as Bulls Find Support at Lower Levels,2019-09-03
Bitcoin Price Crosses the $11K Mark For the First Time Since March 2018,2019-06-24
Two New Cases Circulating the Media,2019-09-30
Is This Good or Bad for Crypto Traders?,2019-09-11
Bitcoin Cash Stabilize-2,2018-05-21
"New One Year High of Almost $9,000",2019-05-28
"Bitcoin Drops Below $10,000 USD in Sudden Swing",2019-08-28
Bitcoin Supply Now has 85% in Circulation,2019-08-01
Bitcoin Continues to Face Tough Hurdle on Trade War Concerns,2019-09-12
Bitcoin (BTC) Corrects 30% & Falls Below $10K,2019-07-02
"Bitcoin Could Fall Below $10,000 Mark As Altcoins Gain",2019-09-09
"Bitcoin (BTC) Price Continues the Bulls Run, Near 5 Digits Mark",2019-06-21
Bitcoin Miners Turn Profitable,2019-09-10
Golden bitcoin and indian rupee money.,2018-04-20
Bitcoin (BTC) up Nearly 20% in 48 Hours,2018-11-29
Bitcoin Price Jumps 20% on Technical Breakout,2019-04-02
Bitcoin Recovers Quickly on Technical Bounce,2019-07-18
Short Sellers Surprised as Bitcoin Surges Another 4.5%,2019-07-08
Market Rallying on First Golden Cross Since 2015,2019-04-23
Is the Current Bull Run Incentive to Buy in?,2019-05-29
Bitcoin Price Experiences Second Largest 24-Hour Drop of 2019,2019-07-17
Bitcoin (BTC) is Back in Momentum,2019-07-22
Is Nobody Spending Bitcoin? Chainalysis New Data Reflects Rally,2019-05-31
Why 2019's Rally is Different Than 2017,2019-08-06
The Most Common Misconceptions About Bitcoin,2019-05-30
"Bitcoin (BTC) Price Falls Below $8,000 On Panic Selling",2019-06-04
"Analysts Indicate BTC Could Drop to $4,000",2019-04-30
Bitcoin (BTC) Falls Back Again As Facebook's Libra Faces Huge Setback,2019-07-05
Chinese Investors Jump on Bitcoin's Bull Trend but at a Higher Price,2019-04-09
"BTC Extends Rally On Strong Momentum, Now What?",2019-04-03
Bakkt Announces Bitcoin Futures Launch Date in July,2019-06-13
"Holding Steady Near $3,800, Corrections Across the Market",2019-01-04
Bitcoin Price Surges to a New 2019 High,2019-04-24
Bitcoin Generation Suspension,2019-04-29
INDEXSP:.INX Archives,2021-05-01
You Can Be Paid in Bitcoin if You Want,2019-03-21
"Bitcoin (BTC), Ethereum (ETH), and Ripple (XRP) Crash",2018-09-05
Bitcoin Price is in the Green but EOS is Today's Real Winner,2019-04-10
What is Bitcoin Maximalism?,2018-06-20
What Is XBT and How Does It Relate To Bitcoin?,2018-06-26
Bitcoin Hits Lowest Level of the Year Thus Far,2018-11-14
A Month of Major Highs Followed By Many Lows,2018-08-14
Buy Bitcoin Cash Analysts Say,2018-05-03
Bitcoin Shows No Growth After Consensus 2018,2018-05-17
15 Bitcoin Facts You've Got to Read!,2018-03-16
Bitcoin Price Approached $20K in Dec. 2017 and Now It's At $3K,2018-12-17
Crypto Market Capitalization Hits New High,2019-04-15
"BTC is Bullish, are Altcoins the Reason?",2018-09-21
JPMorgan Claims Bitcoin Isn't Worth Mining Anymore,2019-01-25
Is This Why BTC Price is Dropping?,2018-06-08
Is The Price Fumbling Or Will We See A Crash?,2018-04-05
How Did Bitcoin Get Started? Who Started it?,2018-02-21
Bitcoin (BTC) Crash Causes Crypto Mining Closures and Bankruptcy,2018-11-23
The Psychology Behind Bitcoin (BTC) Price,2018-07-13
Cryptocurrency Makes a Comeback After Major Slump,2018-11-28
"Bitcoin Price Watch - BTC/USD Erases Gains, New Bearish Run Confirmed",2018-05-30
Last Year Things were Very Different!,2018-11-19
"Banks Must Embrace or ""Bite the Dust""",2018-11-16
First Block Capital Launches Canadian Bitcoin Mutual Fund,2018-09-11
Where Are The Cheapest Places For Mining?,2018-02-16
Analysts Are Calling it 'Worthless',2018-04-06
A List Of Ways You Can Actually Short Bitcoin!,2018-05-07
"NFL Strikes Crypto Deal; Bitcoin Drops Below $8,000",2018-07-31
ICE Forms Company to Bring Bitcoin Mainstream,2018-08-03
Reveals 82% of Institutional Investors Favor Bitcoin,2018-04-26
"It Could Hit $5,000 Level, Analysts Say",2018-03-15
Bitcoin Cash is the Biggest Loser,2018-05-17
Latest Bitcoin Scandal - What Happened in Singapore?,2018-04-13
Could It Plunge Another 50% Before Stabilization?,2018-04-04
Bitcoin Cash (BCH) vs. Bitcoin SV (BSV),2018-12-21
"Another Expert - Brian Kelly, Supports This Prediction.",2018-04-16
"BTC/USD Drops Below $7,000 - Keep Updated",2018-04-05
Bitcoin Cash Hard Fork Controversy,2018-11-19
Who Came Out Victorious?,2018-11-26
"Apple's Steve Wozniak Says Bitcoin has ""Massive Value Creation""",2019-02-27
Bitcoin Transaction Fees,2018-06-26
"Bitcoin Price Watch - BTC/USD Shows Signs of Reversal, Back Above $6,500",2018-06-15
Is it Game-Over for Bitcoin? Wall Street Analyst Thinks So,2018-08-10
"Tom Lee Sticks by His $15,000 Price Prediction",2018-11-21
Trust in a Decentralized Ecosystem,2018-09-04
"Bitcoin is not a Reliable Savings Option, Study Shows",2018-05-29
"Bubble Has Already Burst, Banks Says",2018-04-11
"Bitcoin Price Shows Resilience Above $3,500, Despite ETF Rejection",2019-01-24
Man Held at Gunpoint and Forced to Transfer His Bitcoin,2018-01-30
Warren Buffett Said It All Along,2018-11-23
"Bitcoin Price Watch - BTC/USD Declines Past $7,500, Holds New Support",2018-05-25
"Thomas Lee Thinks Bitcoin will Reach $25,000",2018-04-12
Joost van der Burgt Shares his Analysis,2018-06-04
What's Happening? Will It Bounce Back?,2018-02-05
Tom Lee Bitcoin Price Target Changed,2018-07-05
"Spencer Bogart Says Lower or Higher, Either Way it's Good",2018-12-18
Bakkt Announces Futures Launch Date!,2018-10-23
"Alibaba Founder, Jack Ma, Calls Bitcoin (BTC) a Bubble",2018-05-18
Abra CEO Believes It will Happen Soon,2018-09-04
Bitcoin Wallet Supporting the Lightning Network,2018-04-09
Selloff; Trend Makers Bashing Continues,2018-05-23
"Skyrockets Nearly 10%, Pulling Rest of Crypto Market Up",2018-10-15
Could Restaurants Create Mass Adoption?,2018-10-05
Through the Years the Roller Coaster Ride Continues,2018-04-09
BEWARE of the Bitcoin ATMs,2018-01-25
"Malta Warns of ""Get-Rich-Quick"" Scam",2019-01-25
"Bitcoin Price Watch - BTC/USD Holds Support, Volatility On The Decline",2018-06-08
Bitcoin Makes Massive 10% Gain in 24 Hours,2018-07-17
Bitcoin Cash Price Falls to 3-Month Low,2018-06-13
"Analysts Defend Bitcoin, The Market Is Stable",2018-05-10
"Up 50% in April, Will May Bring Another Massive Uptrend?",2018-04-30
Golden bitcoin coin on us dollars close up. High resolution photo.,2017-12-07
How Bitcoin Could Become Irrelevant,2018-04-24
Are Spencer Bogart's Predictions True?,2018-07-27
"Bitcoin Private (BTCP), NEO, and Ethereum (ETH)",2018-05-01
Will Starbucks Make Paying with BTC Easier?,2018-08-03
PayPal Is Enabling Bitcoin and Crypto Withdrawals,2021-05-26
"Bitcoin, Ethereum and the future of finance",2021-05-26
Sichuan Energy Authorities to Discuss Bitcoin Mining Ban,2021-05-21
"Ray Dalio Owns ""Some Bitcoin"" as an Inflationary Hedge",2021-05-24
"Ethereum Has ""Much Higher Utility"" Than Bitcoin: Guggenheim Co-Founder",2021-05-25
Goldman Sachs Endorses Bitcoin as New Asset Class,2021-05-24
Coinbase Comments on Bitcoin's Ecological Impact,2021-05-25
"HSBC ""Not Into Bitcoin,"" Says CEO",2021-05-24
BlockFi Mistakenly Sends Users Large Bitcoin Payments,2021-05-19
Bitcoin Tumbles as China Issues Yet Another Threat,2021-05-21
Bitcoin Holders Show Signs of Optimism Despite 30% Dip,2021-05-20
"Bitcoin Drops Below $40,000, Over 40% off All-Time High",2021-05-19
Saturday Is Bitcoin Pizza Day: Here's How to Take Part,2021-05-21
Treasury Calls for $10K Bitcoin Transfers to be Disclosed to IRS,2021-05-20
"Long Bitcoin is World's ""Most Crowded Trade"": Bank of America Survey",2021-05-18
Ethereum Market Cap Now Half the Size of Bitcoin,2021-05-14
"Bitcoin Plunges, Rebounds on Elon Musk Tweets",2021-05-17
UBS Exploring Bitcoin Offerings for Wealthy Clients: Report,2021-05-10
"Facebook Didn't Buy Bitcoin, But Crypto Whales Did",2021-04-29
Crypto Market Tumbles After Tesla Halts Bitcoin Payments,2021-05-13
"Palantir Now Accepts Bitcoin, Mulling Investment: Report",2021-05-11
"After Bitcoin, Institutions Finally Turning to Ethereum",2021-04-29
"Bitcoin Is Coming to a US Bank Near You, Says NYDIG",2021-05-05
"Bitcoin Rests After Drop, Tests Buy-the-Dip Narrative",2021-04-21
"MoneyGram to Offer Bitcoin at 20,000 U.S. Kiosks",2021-05-12
Bitcoin Bounces Back But Faces Stiff Resistance Ahead,2021-04-26
"Three Reasons Why Bitcoin Dropped Below $51,000 Last Night",2021-04-18
"Tesla ""Tests Liquidity,"" Sells $272M Bitcoin",2021-04-27
"Central Bank of China May Regulate Bitcoin as ""Investment Alternative""",2021-04-19
"Bitcoin, Ethereum, and XRP Enter Downtrend With Few Signs of Slowing",2021-04-23
"Bitcoin Crashes After Accident in Xinjiang, China Halts Mining Operation",2021-04-16
Bitcoin and Ethereum Indices Debut on S&P Dow Jones,2021-05-04
Ark Investment Makes Its Case for a Greener Bitcoin,2021-04-22
"Bitcoin Breaks Critical Support as Ethereum, XRP Attempt Recovery",2021-04-21
BTC / USD Price Analysis: Bitcoin On The Run,2019-05-13
Lightning Network Integration Now Lets Counter-Strike Players Earn Bitcoin,2020-12-28
$26M in Bitcoin From the 2016 Bitfinex Hack on the Move,2020-10-07
Can Bitcoin Be Shut Down? A Naysayer's Guide to BTC,2020-04-24
Who Controls Bitcoin? A Guide to BTC Stakeholders,2020-05-22
"Bitcoin Forks Explained, Which Ones Are Worth Claiming?",2020-04-02
Mt. Gox Creditors Will Soon Claim $4.9 Billion in Bitcoin,2021-01-15
"Bitcoin In Your Face: Buffeted From All Sides, BTC Survives And Thrives",2019-05-10
Multi-Billion Dollar Asset Fund Stone Ridge Reveals $115M Bitcoin Purchase,2020-10-14
"Stellar Lumens Is Breaking Out, Will Bitcoin Follow?",2020-04-28
Billionaire Hedge Fund Manager Stan Druckenmiller Buys Bitcoin,2020-11-09
"Ether Is Outperforming Bitcoin in 2020, and There's More to Come",2020-06-25
"Before India Enjoys Mass Adoption, It First Needs to Fix Bitcoin's Image",2020-05-06
Bitcoin Near-Term Outlook Favors Bulls as Stimulus Talks Resume,2020-11-20
Bitcoin And Copper: Two Assets Ringing Recession Alarms,2019-08-27
Bitcoin Bulls Continue to HODL as Optimism Returns,2020-04-04
"wNews: What Bitcoin at $50,000 Means for the Market",2021-02-19
Bitcoin Declared Legal Commodity In Chinese Court,2019-07-18
Goldman Sachs Plans Suite of Bitcoin Products for Q2,2021-03-31
Was Bitcoin Brought Down by a Chinese Ponzi Scheme?,2019-12-16
Dogecoin Will Be Available in Bitcoin ATMs Across America,2021-03-02
Bitcoin Could Drag Down Ethereum and XRP Ahead of Halving,2020-05-05
"Bitcoin Resumes Relentless Bull Run, Breaks $16,000",2020-11-12
Sotheby's Will Accept Bitcoin in Next Banksy Auction,2021-05-04
World's 6th Largest Bank Is Blocking Bitcoin Transactions,2021-01-11
Bitcoin's Birthday: Satoshi Nakamoto's Hidden Message Explained,2021-01-03
Bitcoin and Ethereum Face the Bears in Short-Term Correction,2020-12-10
The Fed's Stimulus Plans Put Bitcoin Back in the Spotlight,2020-03-23
"Bitcoin Prepares to Set New 2020 Trading High at $12,000",2020-10-20
"Bitcoin Jumps 4% Following Iran Airstrike, Safe Haven Asset?",2020-01-03
MicroStrategy Adds Another $15 Million Bitcoin,2021-03-01
How to Mine Bitcoin: Complete Guide For Beginners,2020-04-25
Visa Is Planning To Enable Cryptocurrency Transactions,2021-03-17
"Bitcoin Decimates Bears With Quick Recovery Above $19,800",2020-11-30
"JP Morgan Backs 1% Bitcoin Allocation, Suggests Uncorrelated Hedge",2021-02-26
Almost $1 Billion in Bitcoin Just Came Out of Hibernation,2020-11-03
"Bitcoin, Gold Gain as Fed Prints ""Infinite Amount of Cash""",2020-03-25
"Bitcoin Breaks New All-Time Highs Targeting $23,000",2020-11-30
"Chinese Bitcoin Miners Hesitant to Trade. Otherwise, It's Business as Usual.",2020-11-24
Could Bitcoin Benefit from a Weaker U.S. Dollar?,2020-03-31
Chainalysis: $2.8B Bitcoin Laundered Through Exchanges in 2019,2020-01-16
Bitcoin Headlines Sour as Leading Cryptocurrency Corrects,2020-11-25
Why Bitcoin Is Awesome For Drug Dealers,2018-04-28
"You Don't Need to Report Bitcoin Buys Made in Dollars, Says IRS",2021-03-03
How Crypto.com Makes Buying Bitcoin Easy,2020-12-14
Can Bitcoin Survive Quantum Computers?,2019-07-11
Bitcoin Cash Companies Are Taking Sides; Mining Tax Will Die On Arrival,2020-08-25
"Institutional Investments Rise With Bitcoin Volatility. Wait, What?",2019-07-08
Bitcoin's Growing Hodl Culture,2020-01-07
From Refugees To Hedge Funds: Bitcoin's Universal Appeal,2019-09-09
How to Set Up a Bitcoin Node: A Beginner's Guide,2021-01-20
"UMA Protocol's New ""Yield Dollar"" Raises Security Concerns for Bitcoin in DeFi",2020-09-08
Strong Fundamentals Push Bitcoin to New Yearly High,2020-10-27
Institutions May Pin Million-Dollar Tags on Bitcoin. That Doesn't Mean It's Going to Happen.,2021-01-22
Bitcoin Hashrate Breaks New Record as Mining Booms,2021-01-13
Bitcoin Mining Energy Usage A ' Sensationalist Narrative' Says New Report,2018-06-06
"Institutions Rush to Bitcoin, Grayscale's Record-Breaking Q3",2020-10-14
Why Bitcoin? Bitcoin Versus Gold,2019-09-12
"What the Future Holds for Bitcoin, Analysts Weigh-In",2020-05-01
"Corporate Investment May Be About to Pump Bitcoin, Says Bill Miller",2021-01-06
Gemini Launches New Service for Bitcoin ETF Providers,2021-03-04
"Traders Find Hefty Gains Beyond Bitcoin in Ethereum, XRP",2020-12-07
"Bitcoin Jumps Above $10,000 as It Prepares for Next Bull Cycle",2020-06-02
BitMEX Will Introduce Bitcoin SegWit Support,2020-12-14
"SIMETRI Outperforms Bitcoin, Altcoins, and Crypto Funds with 750% ROI",2020-08-13
Bitcoin's Drop to $20K Resulted in $370M of Liquidations,2020-12-01
"Bitcoin Overtakes Tesla in Google Search Volume, Sparking BTC Bulls",2021-02-02
wNews: The 5 Phases of Bitcoin,2021-02-13
Bitcoin ETF Decision Postponed By SEC Until Sept 30th,2018-08-07
Public Overwhelmingly In Favor Of Bitcoin ETFs On SEC Website,2018-07-17
Are Bitcoin Mixers Going Quiet?,2019-08-07
Greenpro Stock Price Leaps by 103% With Bitcoin Buy,2020-12-28
"Bitcoin Eyes New Yearly Highs, Buy Pressure Skyrockets",2020-11-16
The Rise and Rise of Bitcoin Adoption,2020-01-29
SEC Says Bitcoin and Ethereum Are Not Securities,2018-06-14
Fidelity Investments Files Bitcoin ETF Application,2021-03-25
Is The CBOE Bored Of Bitcoin?,2019-06-10
Bitcoin Becomes 6th Most Valuable Asset in the World With $1 Trillion Market Cap,2021-02-19
"Elon Musk, Bill Gates, Apple's Twitter Accounts Hacked in Massive Bitcoin Scam",2020-07-15
"Sacramento Kings to Offer Bitcoin Salaries to Players, Staff",2021-04-06
Binance's Bitcoin-Pegged Token: Is BTCB Really Necessary?,2019-06-23
Bitcoin Market Cap Hits $100bn As Facebook Reveals Crypto Plans,2019-05-03
Bitcoin Reaches New Highs as Central Banks Hint at More Stimulus,2020-11-12
Grayscale Reveals Plans to Convert GBTC to Bitcoin ETF,2021-04-05
"No, China Didn't Ban Bitcoin Mining",2019-04-22
Institutions Crowding Out Retail With Bullish Bitcoin Predictions,2020-11-24
"Bitcoin Dipped Below $9,000, What's Next?",2020-05-22
Vitalik Calls Bitcoin SV A Dumpster Fire,2018-12-26
"Elon Musk: Bitcoin Close to Reaching ""Broad Acceptance""",2021-02-01
Bitcoin Plummets as CFTC and FBI File Charges Against BitMEX,2020-10-01
Square Inc. Hopes to Go Green With Bitcoin,2020-12-08
Coinbase Marks IPO With Memo on Bitcoin Blockchain,2021-04-14
Decred Is The Bitcoin You Wished BTC Could Be,2018-07-31
"Long Bitcoin, Short Dollar Trades ""Most Crowded,"" Says Bank of America Survey",2021-01-19
Will the Fed's New $2.3 Trillion of Credit Affect Bitcoin?,2020-04-10
Data Shows Ethereum Is Better Money Than Bitcoin,2020-04-29
Bitcoin Private Premine Blamed On Bug Exploit,2018-12-24
Bitcoin Bulls to Correct Before Reaching for Higher Highs,2020-10-26
Bitcoin Market Eyes Grayscale Premium as Unlock Looms,2021-02-03
Bitcoin Gold's Recent 51% Attacks Were Resisted by Counterattacks,2020-03-12
"BlackRock Could Buy Bitcoin Futures, SEC Filings Say",2021-01-20
JPMorgan May Launch a Bitcoin Fund This Summer,2021-04-26
Bitcoin Price Could Rebound Despite Flash Crash,2021-04-19
WeWork to Add Bitcoin to Its Balance Sheet,2021-04-20
"Bitcoin Takes Aim at $70,000 as Institutional Demand Skyrockets",2021-04-11
Grayscale GBTC and ETHE Premiums Back at Highs,2021-05-25
wNews: Biden's Tax Plan Shines Spotlight on Bitcoin Borrowing Services,2021-04-24
"Rothschild Investment Adds Ethereum, Surpassing Bitcoin Holdings",2021-04-16
Ethereum Staking Will Drop Power Consumption by 99%,2021-05-18
"BlackRock CEO ""Fascinated"" by Bitcoin, Watching Closely",2021-04-15
Bitcoin and Ethereum Could See a Liquidity Crisis,2021-04-07
TIME Will Invest in Bitcoin and Partner With Grayscale,2021-04-12
"Bitcoin to Become the Global Reserve Asset, Says Bloomberg",2021-04-07
Crypto Market Continues to Slide After Week of Chaos,2021-05-23
Bitcoin Bulls Back Free Speech Platform With $3.8 Million Investment,2021-04-21
"wNews: Bitcoin ""Threatens"" the Dollar, Says Peter Thiel",2021-04-10
"Bitcoin, Ethereum Make New All-Time Highs",2021-04-13
"Bitcoin, Ethereum, and XRP Are Primed for Higher Highs",2021-04-08
Market Volatility Liquidates More Than $600M in Bitcoin Positions,2021-03-31
JP Morgan Says Stable Bitcoin May Attract Institutions: Report,2021-04-02
"Bitcoin Targets Record Highs After ""Strongest Dip-Buying"" of the Year",2021-03-29
"Bitcoin, Stocks, and Gold Rise over the Dollar after Inflation Report",2021-04-13
Is General Motors Planning to Accept Bitcoin Payments?,2021-03-26
"Low Volatility Affirms $130,000 Bitcoin Target, Says JP Morgan Analyst",2021-04-05
HSBC Reportedly Blocking Investments in Key Bitcoin Advocate,2021-04-09
Morgan Stanley Registers Funds With Up to 25% Bitcoin Allocation,2021-04-01
Tesla Breathes New Life Into Bitcoin Bull Run,2021-03-24
GoDaddy Briefly Put Bitcoin.com Up for Sale By Mistake,2021-04-05
"Bitcoin, Ethereum Primed to Rebound Despite Losses",2021-03-25
Paxful Says Bitcoin Buyers Are Safe From Data Breach,2021-04-09
Goldman Sachs Registers Proxy Bitcoin Investment Product,2021-03-25
Is Tesla Preparing to Accept Tokens Other Than Bitcoin?,2021-03-25
"Bitcoin to Beat Gold Not Digital Dollar, Says Fed Chairman",2021-03-22
"Chipotle Will Run $100,000 Bitcoin and Burrito Giveaway",2021-03-30
"For Many in the Sex Industry, ""Bitcoin Is the Only Option""",2021-03-13
"CME Group to Launch ""Micro Bitcoin Futures"" Contracts for Retail Investors",2021-03-30
$5.5 Billion Worth of Bitcoin Options Expire on Friday,2021-03-23
Microsoft's ION Identity Layer for Bitcoin Is Now Live,2021-03-25
Bakkt Launches Its Bitcoin Payments App,2021-03-31
"Bitcoin, Ethereum May Recover With Strong Support",2021-03-15
Morgan Stanley to Offer Bitcoin to Their Richest Investors,2021-03-17
"Bitcoin Crosses $60,000, Setting a New All-Time High",2021-03-13
5 Key Takeaways From Bank of America's Bitcoin Report,2021-03-19
Microstrategy Purchases Additional 262 Bitcoin for $15 Million,2021-03-12
Jay Clayton Joins Bitcoin-Rich Asset Management Firm,2021-03-30
"Markets Lift Bitcoin, Leaving Ethereum for the Bears",2021-03-19
Bitcoin Prices Look Volatile After News of India Ban,2021-03-15
Mike Dalton,2021-05-26
Bitcoin Primed for New All-Time Highs as Retail Interest Returns,2021-03-03
SEC Receives Application for Balanced Equity-Bitcoin ETF,2021-03-11
Bitcoin May Retrace Shortly Before New All-Time Highs,2021-03-09
Bitcoin Rewards Program Lolli Lands $5M Investment,2021-03-24
"You Can Now Buy a Tesla With Bitcoin, Says Elon Musk",2021-03-24
SBI Holdings in Japan Announces Public Bitcoin Mining Pool,2021-03-19
What Is Bitcoin? Introduction To Digital Cash And BTC,2018-02-06
wNews: Unwinding the Grayscale Bitcoin Trade,2021-03-12
"Chia Hits $500 Million Valuation, Planning IPO",2021-05-25
"Surveys Indicate Inflow of Stimulus Checks to Stocks, Bitcoin",2021-03-17
Norwegian Industrial Giant Aker Creates Bitcoin Unit,2021-03-08
China's Inner Mongolia Cracks Down on Bitcoin Mining,2021-03-01
"Microstrategy Buys the Dip, Adds $10 Million Bitcoin",2021-03-05
"Energy Giant Plans to Use Bitcoin as an ""Economic Battery""",2021-03-09
"Bitcoin, Ethereum, XRP Poised to Resume Uptrend",2021-03-05
"Bitcoin, Gold, Stocks Rebound With Drop in U.S. Dollar",2021-03-09
Grayscale's Latest Job Posting Suggests Bitcoin ETF Plans,2021-03-10
"Economist Warns of ""Bitcoin Aristocracy"" Ruling the World",2021-02-27
Grayscale's Parent Company to Buy $250M Bitcoin via GBTC,2021-03-10
Shark Tank's Kevin O'Leary Reveals Move into DeFi,2021-03-02
"Goldman Sachs Cashes in, Re-Opens Bitcoin Trading Desk",2021-03-02
"Microstrategy, Square Become Repeat Bitcoin Buyers",2021-02-24
Bitcoin Lending Platform BlockFi Raises $350 Million,2021-03-11
Bitcoin Tech Company NYDIG Raises $200 Million,2021-03-08
"Veteran Investor Jim Rogers Regrets Not Buying Bitcoin, Fears Regulation",2021-03-03
Square Adds $170 Million Bitcoin to its Balance Sheet,2021-02-24
Yield Farmers are Migrating to Polygon,2021-05-21
"Carl Icahn Bullish Ethereum, May Invest $1.5B in Crypto",2021-05-25
"Citi Says Bitcoin Could Become ""Currency of Choice for International Trade""",2021-03-01
Proxy Bitcoin ETFs in the US Killing Grayscale Premium,2021-03-04
Solana Surges on News of Coinbase Pro Listing,2021-05-20
Cboe Exchange Submits SEC Application to List Bitcoin ETF,2021-03-02
Shark Tank's Kevin O'Leary Invests 3% of Portfolio in Bitcoin,2021-03-02
Cardano Close to Launching Smart Contracts: Charles Hoskinson,2021-05-22
"Mexico's 3rd Richest Man Reveals BTC Holdings as Bitcoin Breaches $18,000",2020-11-18
Fidelity's Global Macro Head Recommends Bitcoin Investment,2021-03-01
"Bitcoin Must Hold Above Crucial Support to Avoid Downswing to $40,000",2021-02-23
Bitcoin Is Now in Overbought Territory Following Elon Musk's Endorsement,2021-01-29
Goldman Sachs Flashes Buy Signal for Coinbase Stock,2021-05-24
Bitcoin Gold Correlation: Solutions for Economic Instability,2018-07-10
"Bitcoin Enters New Corrective Period, Bears Aim for $26,000",2021-01-21
"FTX, BitMEX Commit to Becoming Carbon Neutral",2021-05-21
Key Indicator Suggests Major Bitcoin Correction in the Works,2021-01-18
Bitcoin Data Shows Whales Are Buying the Dip,2021-01-11
"Bitcoin Makes History With $50,000 All-Time High",2021-02-16
Brave Is Expanding Support for Crypto DNS Providers,2021-05-26
$1.3 Billion Bitcoin Leaves Exchanges as Holders Prepare for Bull Run,2020-11-13
"Bitcoin Breaks Through $17,000, Little Resistance Ahead",2020-11-17
MicroStrategy Plans Another $690 Million Bitcoin Injection,2021-02-16
Why Bitcoin Dominance Is A Big Deal,2018-07-02
"As Fees Climb, Will Bitcoin Be Ready For Adoption?",2019-05-24
"Bitcoin at $50,000 ""Unsustainable,"" Says JP Morgan",2021-02-17
Bitcoin Takes One Step Closer to a More Scalable and Private Future,2020-10-17
Unmasking the Deceased Programmer Who Donated 28 Bitcoin to Capitol Hill Rioters,2021-01-16
Bitcoin Dip Causes $6.5 Billion in Liquidations as Analysts Consider Local Top,2021-02-22
Bitcoin Concludes Consolidation as Ethereum Hits New All-Time Highs,2021-02-03
Are Institutions Re-Opening Their Bitcoin Positions?,2020-05-07
"Square Selling Bitcoin Faster Than Can Be Mined, Supply Crisis Incoming?",2020-11-07
On-Chain Data Suggests Bitcoin's Rally Is Over for Now,2020-08-04
Mt. Gox Users Prepare to Get Back $2.6 Billion of Bitcoin,2020-12-08
$100M of Bitfinex's Stolen Bitcoin Is in Transit,2020-11-30
Formation Fi to Launch Cross-Chain AMM on Polygon,2021-05-25
"Laser Eyes Trend Storms Crypto Twitter for $100,000 BTC",2021-02-20
OnePlus Founder's Twitter Account Hacked in ICO Scam,2021-05-25
"Bitcoin Makes Headway Implementing Smart Contracts, 'Most Complicated' Part of Upgrade Complete",2020-09-13
"Bitcoin Soars Past $30,000 in Latest Record High",2021-01-02
"MicroStrategy Invests Another $175 Million in Bitcoin, Pushing Holdings to $425 Million",2020-09-15
Bitcoin Price Predictions Continue Outlandish Trend: We Measured Them In Cars.,2019-05-24
Bitcoin Pumps on Square's $50 Million BTC Purchase,2020-10-08
Bitcoin: The Undisputed Heavyweight Champ,2018-02-09
"Bitcoin's Recent Correction Turns Support into Resistance, Suggesting Further Losses",2020-08-12
"Bitcoin's Price Action Rhymes With 1970 Gold Markets, Says CitiBank",2020-11-14
"Fund Manager Cites ""Supply Crunch"" as Bitcoin Breaches $18,300",2020-11-19
"Returning Investors Could Push Bitcoin Past $4,000",2019-02-18
"Bitcoin Will 10X Compared to Gold, Says JP Morgan",2020-10-26
Bitcoin Rally Slows as Technicals Indicate an Imminent Bearish Correction,2020-07-30
"Bitcoin's Biggest Price Drop Since 2013, Crypto Markets in Panic",2020-03-13
"Bitcoin Finally Breaks Out, Likely Heading Toward $10,000",2020-07-21
How Companies like Apple Can Follow Tesla's Bitcoin Investment,2021-02-09
Stock Market Sell-Off Sends Bitcoin Off The Cliff,2018-10-11
Ray Dalio Now Considering a Long-Term Bitcoin Position,2021-01-28
Permissionless Bitcoin Is Back on Ethereum After Early Disaster,2020-09-23
50% of American Crypto Owners Hold Bitcoin to Fight Inflation,2020-04-23
"Bitcoin Set to Break Market Cap All-Time High at $17,500",2020-11-17
"Apple Pay Taps BitPay, Adds Bitcoin Payments",2021-02-12
Dutch Crypto Traders Forced to Explain Why They're Buying Bitcoin,2020-11-18
"Incoming: Bitcoin Price Heads Toward $9,000 As Storm Breaks",2019-05-26
Bitcoin Primed to Consolidate Before Price Movement,2021-01-26
Will Bitcoin Drag Litecoin Down During Every Dip?,2018-09-07
VanEck Takes Another Shot at Launching Bitcoin ETF,2020-12-30
"Bitcoin, Ethereum at Risk of Painful Correction After Losing Crucial Support",2021-01-27
"Bitcoin Touches $42,000 as Holders Await Higher Prices",2021-01-08
"Corporate Investments in Bitcoin, Not Inflation, Pose Real Threat to Dollar",2021-02-10
"Bitcoin, Tether Trades at 30% Discount on OKEx as Users Flee Exchange",2020-10-30
"Bitcoin Breaks $25,000, Sets New All-Time High",2020-12-26
Tesla's Elon Musk Mulls Multi-Billion Dollar Bitcoin Investment,2020-12-21
"Bitcoin Once Again Proves It's a Risk Asset, Not a Safe Haven",2020-10-02
Bitcoin and Ethereum Fundamentals Look Strong While Technicals Spell Trouble,2021-02-15
"Bitcoin Is Now Bigger Than Bank of America, Netflix, and Shopify",2020-11-06
"Trading Veteran Eyes Key Bitcoin Support, Suggests Correction Complete",2021-01-24
Morgan Stanley Investment Arm May Make Bitcoin Bet,2021-02-13
"Earn up to 8% Interest on Your Bitcoin, Ranking the Top Four Lending Services",2020-05-27
"China's Bitcoin Mining Cartel Is Finally Decentralizing to US, Russia, and Canada",2020-11-07
Institutional Investment May Be Behind Boom in Bitcoin Whale Wallets,2021-01-18
"Regulations Drive Down Bitcoin Prices, Says Research",2020-01-08
PayPal and Venmo Planning to Introduce Bitcoin Purchases?,2020-06-22
Vitalik Buterin Says Bitcoin S2F Model Is Wrong,2020-06-15
Ethereum and XRP Follow Bitcoin's Steps After Its Breakout to New Yearly Highs,2020-10-21
Bitcoin Cash Holders Dump Millions Ahead of Hard Fork,2020-11-12
Bitcoin Shows Signs as Safe-Haven Asset During Global Turmoil,2020-01-10
"Extreme Bitcoin, Ethereum Demand Add Fuel to Crypto Bull Run",2021-01-14
Microstrategy Has Officially Bought Over $1 Billion in Bitcoin,2020-12-21
Problems Abound on BSC as Bunny Finance Suffers Attack,2021-05-20
What Happens When Bitcoin Block Rewards Fall?,2019-04-23
"Tesla Reveals $1.5 Billion Bitcoin Investment, Enables BTC Payments",2021-02-08
What Is Bitcoin Cash? Introduction to BCH,2020-08-21
Venezuelan Government Plans to Regulate All Bitcoin Mining,2020-09-24
"MicroStrategy Buys Bitcoin Dip, Now Holds 70,784 BTC",2021-01-22
"U.S. Treasury Department Proposal an ""Existential Threat to Bitcoin""",2020-11-26
Ex-Microsoft Employee Charged With First-Ever Bitcoin Tax Fraud in US,2020-11-10
How Many Satoshis Are in a Bitcoin?,2020-06-20
Will the Fed's Easy Money Flow to Bitcoin?,2020-03-25
"7 Months Later, Was Bitcoin's Halving Priced In?",2020-12-02
Bitcoin and Ethereum Must Fight Post-ATH Sell-Offs,2020-12-21
Does Bitcoin Cash Deserve A Billion Dollar Valuation?,2018-06-29
Bitcoin SV Exploit Results in Widespread Theft,2020-11-09
"Bitcoin Hits $12,000, Ethereum and XRP Breakout",2020-08-17
Stacking Sats? Here Are Nine Ways to Earn Bitcoin in 2020,2020-06-17
Bitcoin Buying Pressure at Record Highs as Billionaires Search for Dollar Hedge,2020-11-18
Fifth Largest Bitcoin Exchange Bithumb Raided by South Korean Police,2020-09-03
8 Bitcoin Achievements That Prove 2018 Was Not Entirely Crap,2018-12-18
eBay Shoppers Can Now Earn Free Bitcoin This Christmas,2020-11-25
Coinbase Saved Micostrategy $4.25M Executing Firm's Bitcoin Trades,2020-12-01
"Bitcoin, Ethereum Crash Liquidates $1.1 Billion Leveraged Traders",2021-01-04
"Bitcoin Dominates Crypto by Brand Recognition, Says FCA Survey",2020-06-30
"Fitness Guru Jillian Michaels Backs Cardano, Dogecoin",2021-05-20
Ethereum Miners Earn Record $110M Amid ETH Crash,2021-05-21
"Celo Hard Fork Adds Interoperability with Solana, Cosmos, NEAR",2021-05-19
ZRXUSD Archives,2021-05-26
Uniswap to Launch on Layer 2 Solution Arbitrum,2021-03-26
"Polygon Releases SDK Eyeing ""Multi-Chain Future""",2021-05-26
"Fox Unveils NFT Company, Blockchain Creative Labs",2021-05-18
GameStop to Build NFT Platform on Ethereum,2021-05-26
Indonesia to Launch Central Bank Digital Currency,2021-05-25
U.S. Government Calls for Information on EtherDelta Hack,2021-05-21
Red Bull Racing Team to Use Tezos for First NFT Drop,2021-05-20
Sushi to Sell Tokenized Sake on Initial Offering Launchpad,2021-05-18
Another Binance Smart Chain Project Suffers an Attack,2021-05-24
Judge Allows SEC to Seek Info on Ripple's Overseas XRP Transactions,2021-05-20
Stablecoins Surpass $100 Billion Market Cap,2021-05-26
"SEC Investigating Ripple's XRP ""Lobbying Efforts""",2019-10-02
"Enjin Airdrops 50,000 NFTs via Social Media QR Adverts",2021-05-26
Carl Icahn Archives,2021-05-01
arbitrum Archives,2021-05-01
Kevin O'Leary Archives,2021-05-01
Crypto Briefing,2021-05-24
